ref,study,doi,year,design,n,hpv_stratified,mmat_category,c1,c2,c3,c4,c5,overall_judgment,appraisal_source
10,Ottenhof et al. 2018,10.3389/fimmu.2018.01253,2018,Retrospective cohort (whole-mount IHC + TMA),213,yes,non_randomized,cant_tell,yes,yes,yes,yes,moderate,dual-reconciled
11,Chu et al. 2020,10.3390/cancers12071796,2020,"Retrospective cohort, unsupervised immunophenotyping",178,yes,non_randomized,yes,cant_tell,cant_tell,yes,yes,low,dual-reconciled
12,Canete-Portillo et al. 2026,10.1177/10668969251361176,2026,"Cross-sectional TMA study (spot-level), no survival endpoint",108,yes,non_randomized,cant_tell,cant_tell,no,no,yes,low,dual-reconciled
13,Rafael et al. 2021,10.3389/fimmu.2021.682030,2021,"Retrospective cohort, compartment-resolved image analysis",103,yes,non_randomized,cant_tell,yes,yes,cant_tell,cant_tell,low,dual-reconciled
14,Fazili et al. 2026,10.3390/cancers18020257,2026,"Retrospective cohort, multiplex IF + geospatial analysis",57,yes,non_randomized,cant_tell,yes,yes,no,yes,low,dual-reconciled
15,Tao et al. 2025,10.1038/s41467-025-67356-6,2025,Translational study: scRNA-seq discovery + FFPE IHC validation,85,yes,non_randomized,cant_tell,yes,cant_tell,no,cant_tell,low,dual-reconciled
16,Tang et al. 2024,10.1186/s12894-024-01532-6,2024,"Retrospective two-centre cohort, H&E-based TLS scoring + nomogram",83,no,non_randomized,cant_tell,no,yes,yes,cant_tell,low,dual-reconciled
17,Djajadiningrat et al. 2015,10.1016/j.juro.2014.11.057,2015,Retrospective cohort (TMA IHC),168,yes,non_randomized,cant_tell,yes,no,yes,yes,low,dual-reconciled
18,Müller et al. 2022,10.1007/s12094-021-02694-7,2022,Retrospective cohort (H&E infiltrate score; PD-L1 in n = 30 subset),60,yes,non_randomized,cant_tell,cant_tell,cant_tell,yes,cant_tell,low,dual-reconciled
19,Lu et al. 2022,10.3389/fonc.2022.1013806,2022,"Meta-analysis (9 cohorts, 1,003 patients)",NR,yes,NA,NA,NA,NA,NA,NA,NA,single-reviewer heuristic
20,Mahmoud et al. 2026,10.6004/jnccn.2026.7025,2026,"Meta-analysis (15 cohorts, 1,445 patients)",NR,yes,NA,NA,NA,NA,NA,NA,NA,single-reviewer heuristic
21,Necchi et al. 2023,10.1001/jamanetworkopen.2023.48002,2023,Genomic-profiling cohort (FMI database + clinico-genomic linkage),397,yes,non_randomized,cant_tell,yes,no,no,cant_tell,low,dual-reconciled
22,Lobo et al. 2024,10.1093/ajcp/aqad107,2024,Retrospective multicentre cohort (PD-L1 CPS),134,yes,non_randomized,cant_tell,yes,yes,yes,yes,moderate,dual-reconciled
23,Hrudka et al. 2023,10.1016/j.pathol.2023.03.010,2023,Retrospective cohort (tumour budding + CD3/CD8 immunoscore),152,yes,non_randomized,cant_tell,yes,yes,yes,yes,moderate,dual-reconciled
24,Tan et al. 2025,10.3389/fimmu.2025.1568825,2025,Retrospective multicentre cohort with propensity-score matching,582,no,non_randomized,cant_tell,yes,cant_tell,yes,cant_tell,low,dual-reconciled
25,El Zarif et al. 2023,10.1093/jnci/djad155,2023,Retrospective multi-institutional cohort (24 centres),92,yes,non_randomized,no,cant_tell,cant_tell,yes,no,low,dual-reconciled
26,Stenzel et al. 2025,10.1007/s00428-024-04013-1,2025,"Retrospective cohort (TMA, digital image analysis)",93,yes,non_randomized,cant_tell,cant_tell,cant_tell,yes,yes,low,dual-reconciled
27,Wei et al. 2024,10.1002/cncr.35177,2024,"Retrospective cohort, advanced disease on PD-1 combination therapy (+ RNA-seq)",87,yes,non_randomized,cant_tell,yes,cant_tell,yes,cant_tell,low,dual-reconciled
28,Taghizadeh & Fajkovic 2025,10.3390/cancers17050883,2025,Systematic review (narrative; 35 studies),NR,yes,NA,NA,NA,NA,NA,NA,NA,single-reviewer heuristic
29,Apolo et al. 2024,10.1200/jco.23.02233,2024,"Phase I trial (basket; penile subgroup only, N=11 enrolled/9 evaluable)",11,no,descriptive,yes,cant_tell,cant_tell,yes,yes,low,dual-reconciled
30,Borcoman et al. 2025,10.1038/s43018-025-01004-2,2025,Phase 2 basket trial (penile cohort),11,no,descriptive,yes,cant_tell,yes,cant_tell,yes,low,dual-reconciled
31,Cotait Maluf et al. 2025 (HERCULES),10.1001/jamaoncol.2025.3266,2025,Phase 2 single-arm nonrandomized trial,37,no,descriptive,yes,cant_tell,yes,yes,yes,moderate,dual-reconciled
32,Xu et al. 2026,10.3389/fimmu.2026.1731920,2026,Phase 2 nonrandomized trial (neoadjuvant and/or adjuvant); 25 enrolled/17 evaluable,25,no,descriptive,yes,cant_tell,yes,cant_tell,yes,low,dual-reconciled
33,Gambale et al. 2022,10.1136/jitc-2021-003540,2022,Narrative review / perspective (no primary pSCC cohort),NR,no,NA,,,,,,NA,dual-reconciled
,Ahmed2020,10.3390/jcm9103334,2020,observational / not fully specified,54,yes,non_randomized,yes,cant_tell,yes,yes,cant_tell,low,single-reviewer heuristic
,Alencar2022,10.3389/fonc.2022.910335,2022,RCT,30,yes,rct,yes,cant_tell,cant_tell,cant_tell,cant_tell,low,single-reviewer heuristic
,An2025,10.1016/j.ccell.2025.03.023,2025,observational / not fully specified,12,no,descriptive,yes,cant_tell,yes,yes,cant_tell,low,single-reviewer heuristic
,Aydin2021,10.1016/j.intimp.2021.107481,2021,observational / not fully specified,NR,no,descriptive,cant_tell,cant_tell,cant_tell,yes,cant_tell,low,single-reviewer heuristic
,Benjamin2024,10.3389/fonc.2024.1457006,2024,observational / not fully specified,30,no,non_randomized,yes,cant_tell,yes,cant_tell,cant_tell,low,single-reviewer heuristic
,Buonerba2021,10.2144/fsoa-2021-0044,2021,retrospective cohort/observational,35,no,non_randomized,yes,cant_tell,yes,yes,cant_tell,low,single-reviewer heuristic
,Canete-Portillo2026,10.1177/10668969251362475,2026,retrospective cohort/observational,35,yes,non_randomized,yes,yes,yes,cant_tell,cant_tell,low,single-reviewer heuristic
,Carneiro2025,10.18632/oncotarget.28715,2025,observational / not fully specified,30,yes,non_randomized,yes,cant_tell,yes,yes,cant_tell,low,single-reviewer heuristic
,Chahoud2020,10.3389/fonc.2020.615298,2020,case report,NR,yes,descriptive,cant_tell,cant_tell,cant_tell,yes,cant_tell,low,single-reviewer heuristic
,Chaux2025,10.1016/j.path.2024.12.001,2025,observational / not fully specified,NR,yes,non_randomized,cant_tell,cant_tell,cant_tell,cant_tell,cant_tell,low,single-reviewer heuristic
,Chen2022,10.3390/curroncol30010026,2022,case report,NR,yes,descriptive,cant_tell,cant_tell,cant_tell,yes,cant_tell,low,single-reviewer heuristic
,Chipollini2021,10.1002/cam4.4258,2021,retrospective cohort/observational,NR,yes,non_randomized,yes,yes,cant_tell,yes,cant_tell,low,single-reviewer heuristic
,Cocks2017,10.1016/j.humpath.2016.09.003,2017,observational / not fully specified,21,yes,descriptive,yes,cant_tell,yes,yes,cant_tell,low,single-reviewer heuristic
,Czajkowski2025,10.3390/ijms26062785,2025,narrative review,NR,yes,NA,NA,NA,NA,NA,NA,NA,single-reviewer heuristic
,Czajkowski2025,10.3390/ijms262411829,2025,retrospective cohort/observational,94,no,non_randomized,yes,cant_tell,yes,yes,cant_tell,low,single-reviewer heuristic
,DeBacco2020,10.1016/j.clgc.2019.10.014,2020,observational / not fully specified,40,no,non_randomized,yes,yes,yes,yes,cant_tell,moderate,single-reviewer heuristic
,Deng2017,10.1080/2162402x.2016.1269047,2017,observational / not fully specified,37,no,descriptive,yes,cant_tell,yes,yes,cant_tell,low,single-reviewer heuristic
,Denis2021,10.1159/000517008,2021,case report,46,partial,descriptive,yes,cant_tell,yes,yes,yes,moderate,single-reviewer heuristic
,DosSantos2021,10.4322/acr.2021.303,2021,case report,NR,yes,descriptive,cant_tell,cant_tell,cant_tell,yes,cant_tell,low,single-reviewer heuristic
,Du2022,10.1080/21645515.2022.2121122,2022,case report,NR,yes,descriptive,cant_tell,cant_tell,cant_tell,yes,cant_tell,low,single-reviewer heuristic
,Fiegl2026,10.1016/j.urolonc.2026.111008,2026,narrative review,NR,yes,NA,NA,NA,NA,NA,NA,NA,single-reviewer heuristic
,Fiegl2026,10.1007/s00428-026-04498-y,2026,retrospective cohort/observational,32,yes,non_randomized,yes,cant_tell,yes,cant_tell,cant_tell,low,single-reviewer heuristic
,Garaz2026,10.1016/j.euf.2025.12.016,2026,systematic review,NR,no,NA,NA,NA,NA,NA,NA,NA,single-reviewer heuristic
,Glombik2026,10.3389/fimmu.2026.1754254,2026,observational / not fully specified,202,yes,non_randomized,yes,yes,yes,cant_tell,cant_tell,low,single-reviewer heuristic
,Gu2017,10.21037/tau.2017.03.92,2017,retrospective cohort/observational,26,yes,descriptive,yes,yes,yes,yes,cant_tell,moderate,single-reviewer heuristic
,Guimares2024,10.3389/fonc.2024.1463445,2024,observational / not fully specified,30,yes,non_randomized,yes,cant_tell,yes,cant_tell,cant_tell,low,single-reviewer heuristic
,Hahn2021,10.1007/s10637-021-01100-x,2021,observational / not fully specified,NR,no,descriptive,cant_tell,cant_tell,cant_tell,yes,cant_tell,low,single-reviewer heuristic
,Hatoum2026,10.3390/vaccines14070597,2026,observational / not fully specified,NR,yes,descriptive,cant_tell,cant_tell,cant_tell,yes,cant_tell,low,single-reviewer heuristic
,Hladek2022,10.1007/s00428-022-03271-1,2022,observational / not fully specified,55,yes,descriptive,yes,cant_tell,yes,yes,cant_tell,low,single-reviewer heuristic
,Hrudka2024,10.1016/j.pathol.2023.10.010,2024,observational / not fully specified,NR,yes,descriptive,cant_tell,cant_tell,cant_tell,yes,cant_tell,low,single-reviewer heuristic
,Hu2019,10.2147/cmar.s206579,2019,meta analysis,NR,no,NA,NA,NA,NA,NA,NA,NA,single-reviewer heuristic
,Hu2021,10.2147/ott.s319932,2021,case report,NR,yes,descriptive,cant_tell,cant_tell,cant_tell,yes,cant_tell,low,single-reviewer heuristic
,Hu2026,10.1002/advs.202503894,2026,observational / not fully specified,NR,no,non_randomized,cant_tell,cant_tell,cant_tell,yes,cant_tell,low,single-reviewer heuristic
,Huang2026,10.3389/fimmu.2026.1783437,2026,case report,32,no,descriptive,yes,cant_tell,yes,yes,cant_tell,low,single-reviewer heuristic
,Hui2019,10.1155/2019/8349793,2019,case report,NR,no,descriptive,cant_tell,cant_tell,cant_tell,yes,cant_tell,low,single-reviewer heuristic
,Ionescu2024,10.3390/cancers16020303,2024,observational / not fully specified,NR,yes,descriptive,cant_tell,cant_tell,cant_tell,yes,cant_tell,low,single-reviewer heuristic
,Jaime-Casas2025,10.3390/cancers17182956,2025,observational / not fully specified,NR,yes,descriptive,cant_tell,cant_tell,cant_tell,yes,cant_tell,low,single-reviewer heuristic
,Kaakour2022,10.3390/biomedicines10123033,2022,case report,NR,yes,descriptive,cant_tell,cant_tell,cant_tell,yes,cant_tell,low,single-reviewer heuristic
,Kaushik2025,10.1186/s13000-025-01676-5,2025,retrospective cohort/observational,15,yes,descriptive,yes,yes,yes,yes,cant_tell,moderate,single-reviewer heuristic
,Keller2023,10.5858/arpa.2021-0592-ra,2023,observational / not fully specified,NR,yes,descriptive,cant_tell,cant_tell,cant_tell,yes,cant_tell,low,single-reviewer heuristic
,Kielbik2026,10.2147/itt.s577364,2026,observational / not fully specified,10,yes,non_randomized,yes,yes,yes,cant_tell,cant_tell,low,single-reviewer heuristic
,Kim2021,10.1007/s00432-021-03514-9,2021,retrospective cohort/observational,37,yes,descriptive,yes,yes,yes,yes,cant_tell,moderate,single-reviewer heuristic
,Li2022,10.3389/fonc.2022.837547,2022,narrative review,NR,no,NA,NA,NA,NA,NA,NA,NA,single-reviewer heuristic
,Li2026,10.1007/s00262-026-04348-5,2026,observational / not fully specified,11,no,descriptive,yes,cant_tell,yes,yes,cant_tell,low,single-reviewer heuristic
,Lloyd2024,10.1038/s41585-024-00932-5,2024,clinical trial / interventional,125,yes,rct,cant_tell,cant_tell,cant_tell,yes,cant_tell,low,single-reviewer heuristic
,Lohse2024,10.1038/s41598-024-70855-z,2024,observational / not fully specified,NR,yes,descriptive,cant_tell,yes,cant_tell,yes,yes,low,single-reviewer heuristic
,Long2022,10.12998/wjcc.v10.i33.12305,2022,narrative review,NR,no,NA,NA,NA,NA,NA,NA,NA,single-reviewer heuristic
,Lv2022,10.3390/curroncol29110632,2022,narrative review,NR,no,NA,NA,NA,NA,NA,NA,NA,single-reviewer heuristic
,M2022,10.12688/f1000research.126462.1,2022,retrospective cohort/observational,25,no,non_randomized,yes,yes,yes,yes,cant_tell,moderate,single-reviewer heuristic
,Mannam2024,10.3390/pathogens13090809,2024,observational / not fully specified,NR,yes,descriptive,cant_tell,cant_tell,cant_tell,yes,cant_tell,low,single-reviewer heuristic
,Mehra2020,10.1016/j.eucr.2020.101278,2020,observational / not fully specified,NR,yes,non_randomized,cant_tell,cant_tell,cant_tell,cant_tell,cant_tell,low,single-reviewer heuristic
,Mei2022,10.3389/fonc.2022.823459,2022,case report,NR,yes,descriptive,cant_tell,cant_tell,cant_tell,yes,cant_tell,low,single-reviewer heuristic
,Miyagi2025,10.1038/s41598-025-89760-0,2025,observational / not fully specified,NR,yes,non_randomized,cant_tell,cant_tell,cant_tell,cant_tell,cant_tell,low,single-reviewer heuristic
,Monteiro2025,10.1093/oncolo/oyae220,2025,observational / not fully specified,18,yes,descriptive,yes,yes,yes,yes,cant_tell,moderate,single-reviewer heuristic
,Montella2022,10.3389/fmed.2022.874213,2022,observational / not fully specified,NR,no,descriptive,cant_tell,yes,cant_tell,yes,cant_tell,low,single-reviewer heuristic
,Mumba2024,10.1371/journal.pone.0300729,2024,cross-sectional,35,yes,non_randomized,yes,cant_tell,yes,yes,cant_tell,low,single-reviewer heuristic
,Mumba2025,10.3389/fonc.2025.1568764,2025,prospective observational,NR,yes,non_randomized,cant_tell,yes,cant_tell,yes,cant_tell,low,single-reviewer heuristic
,Nazha2023,10.1002/cncr.34982,2023,observational / not fully specified,108,yes,non_randomized,yes,yes,yes,cant_tell,cant_tell,low,single-reviewer heuristic
,Necchi2022,10.1093/oncolo/oyac144,2022,clinical trial / interventional,NR,yes,rct,cant_tell,cant_tell,cant_tell,cant_tell,cant_tell,low,single-reviewer heuristic
,Ottenhof2017,10.1016/j.juro.2016.09.088,2017,observational / not fully specified,37,yes,non_randomized,yes,yes,yes,yes,cant_tell,moderate,single-reviewer heuristic
,Pagliaro2024,10.3390/cancers16112086,2024,prospective observational,NR,yes,non_randomized,cant_tell,cant_tell,cant_tell,cant_tell,cant_tell,low,single-reviewer heuristic
,Pan2025,10.3389/fonc.2025.1569124,2025,case report,NR,yes,descriptive,cant_tell,cant_tell,cant_tell,yes,cant_tell,low,single-reviewer heuristic
,Pekarek2022,10.3390/jpm12091364,2022,narrative review,NR,no,NA,NA,NA,NA,NA,NA,NA,single-reviewer heuristic
,Rafael2022,10.3390/jcm11041101,2022,observational / not fully specified,NR,yes,descriptive,cant_tell,cant_tell,cant_tell,yes,cant_tell,low,single-reviewer heuristic
,Ribera-Cortada2021,10.3390/ijms23010251,2021,systematic review,NR,yes,NA,NA,NA,NA,NA,NA,NA,single-reviewer heuristic
,Rouvinov2023,10.3390/jpm13111623,2023,RCT,18,no,rct,yes,cant_tell,cant_tell,cant_tell,cant_tell,low,single-reviewer heuristic
,S2024,10.1101/2024.12.11.24318853,2024,observational / not fully specified,108,no,descriptive,yes,yes,yes,yes,cant_tell,moderate,single-reviewer heuristic
,Sangkhamanon2023,10.3892/br.2023.1627,2023,observational / not fully specified,43,no,non_randomized,yes,yes,yes,yes,cant_tell,moderate,single-reviewer heuristic
,Santucci2026,10.3390/cancers18101595,2026,systematic review,NR,no,NA,NA,NA,NA,NA,NA,NA,single-reviewer heuristic
,Schieber2025,10.1186/s40164-025-00629-4,2025,retrospective cohort/observational,10,yes,non_randomized,yes,cant_tell,yes,cant_tell,cant_tell,low,single-reviewer heuristic
,Simon2024,10.1016/j.ucl.2024.03.005,2024,observational / not fully specified,30,yes,non_randomized,yes,cant_tell,yes,cant_tell,cant_tell,low,single-reviewer heuristic
,Song2025,10.1002/advs.202500216,2025,observational / not fully specified,NR,yes,non_randomized,cant_tell,cant_tell,cant_tell,cant_tell,cant_tell,low,single-reviewer heuristic
,Su2020,10.2147/ott.s231258,2020,narrative review,NR,no,NA,NA,NA,NA,NA,NA,NA,single-reviewer heuristic
,Tang2022,10.3389/fimmu.2022.1055235,2022,observational / not fully specified,30,yes,non_randomized,yes,cant_tell,yes,cant_tell,cant_tell,low,single-reviewer heuristic
,Tekin2025,10.1093/ajcp/aqaf022,2025,observational / not fully specified,107,no,non_randomized,yes,yes,yes,cant_tell,cant_tell,low,single-reviewer heuristic
,Udager2016,10.1093/annonc/mdw216,2016,observational / not fully specified,37,no,descriptive,yes,yes,yes,yes,cant_tell,moderate,single-reviewer heuristic
,Ulvskog2025,10.1016/j.euros.2025.07.012,2025,retrospective cohort/observational,NR,yes,descriptive,yes,yes,cant_tell,yes,yes,moderate,single-reviewer heuristic
,Wei2023,10.3390/ijms242316808,2023,observational / not fully specified,NR,yes,non_randomized,cant_tell,cant_tell,cant_tell,cant_tell,cant_tell,low,single-reviewer heuristic
,White2023,10.2147/rru.s387228,2023,observational / not fully specified,NR,no,descriptive,cant_tell,cant_tell,cant_tell,yes,cant_tell,low,single-reviewer heuristic
,Winkelmann2024,10.3390/ijms252212142,2024,observational / not fully specified,NR,yes,descriptive,cant_tell,cant_tell,cant_tell,yes,cant_tell,low,single-reviewer heuristic
,Xiong2024,10.6004/jnccn.2024.7074,2024,retrospective cohort/observational,27,no,descriptive,yes,yes,yes,yes,cant_tell,moderate,single-reviewer heuristic
,Xu2024,10.7150/ijms.95490,2024,observational / not fully specified,NR,yes,non_randomized,cant_tell,yes,cant_tell,yes,cant_tell,low,single-reviewer heuristic
,Xu2024,10.3389/fonc.2024.1394260,2024,observational / not fully specified,NR,yes,descriptive,cant_tell,yes,cant_tell,yes,cant_tell,low,single-reviewer heuristic
,Xue2025,10.1002/advs.202509742,2025,observational / not fully specified,NR,no,non_randomized,cant_tell,cant_tell,cant_tell,cant_tell,cant_tell,low,single-reviewer heuristic
,Zafar2025,10.3390/cancers17081260,2025,observational / not fully specified,NR,yes,non_randomized,yes,cant_tell,cant_tell,cant_tell,cant_tell,low,single-reviewer heuristic
,Zavillov2025,10.1002/2056-4538.70059,2025,observational / not fully specified,NR,no,descriptive,cant_tell,yes,cant_tell,yes,cant_tell,low,single-reviewer heuristic
,Zhang2021,10.4111/icu.20200116,2021,observational / not fully specified,11,yes,non_randomized,yes,yes,yes,yes,cant_tell,moderate,single-reviewer heuristic
,Zhang2024,10.1007/s00262-023-03615-z,2024,observational / not fully specified,22,yes,non_randomized,yes,yes,yes,cant_tell,cant_tell,low,single-reviewer heuristic
,Zhang2024,10.1186/s12957-024-03305-9,2024,case report,20,no,descriptive,yes,cant_tell,yes,yes,cant_tell,low,single-reviewer heuristic
,Zhang2026,10.1038/s41598-026-42801-8,2026,observational / not fully specified,NR,no,non_randomized,cant_tell,cant_tell,cant_tell,yes,cant_tell,low,single-reviewer heuristic
,Zhou2020,10.1002/cac2.12001,2020,observational / not fully specified,NR,no,descriptive,cant_tell,yes,cant_tell,yes,cant_tell,low,single-reviewer heuristic
,Zhu2025,10.2147/ccid.s505045,2025,narrative review,NR,no,NA,NA,NA,NA,NA,NA,NA,single-reviewer heuristic
,Zhu2025,10.1093/pcmedi/pbaf013,2025,meta analysis,NR,yes,NA,NA,NA,NA,NA,NA,NA,single-reviewer heuristic
,Zhuang2025,10.36401/jipo-24-19,2025,retrospective cohort/observational,11,yes,descriptive,yes,yes,yes,yes,cant_tell,moderate,single-reviewer heuristic
,Zou2023,10.1186/s40246-023-00558-5,2023,observational / not fully specified,60,no,descriptive,yes,cant_tell,yes,yes,cant_tell,low,single-reviewer heuristic
