record_id,study_label,mmat_category,screen_clear_question,screen_data_address_question,c1,c2,c3,c4,c5,rationale_c1,rationale_c2,rationale_c3,rationale_c4,rationale_c5,overall_judgment,criteria_note,reviewer_id,assessed_at,assessment_note
REC-HPVPSCC-000014,Djajadiningrat2015,non_randomized,yes,yes,yes,yes,yes,yes,cant_tell,sampling/eligibility signals,methods section / measurement signals,sample size / completeness signals,analysis / confounding signals,limitations reported,moderate,Heuristic MMAT-style mapping for category=non_randomized,REV-ALCIDES,2026-08-25,Auto-assisted from PDF text pp.1-10; verify borderline lows
REC-HPVPSCC-000020,Udager2016,descriptive,yes,yes,yes,yes,yes,yes,cant_tell,sampling/eligibility signals,methods section / measurement signals,sample size / completeness signals,analysis / confounding signals,limitations reported,moderate,Heuristic MMAT-style mapping for category=descriptive,REV-ALCIDES,2026-08-25,Auto-assisted from PDF text pp.1-10; verify borderline lows
REC-HPVPSCC-000022,Cocks2017,descriptive,cant_tell,yes,yes,cant_tell,yes,yes,cant_tell,sampling/eligibility signals,methods section / measurement signals,sample size / completeness signals,analysis / confounding signals,limitations reported,low,Heuristic MMAT-style mapping for category=descriptive,REV-ALCIDES,2026-08-25,Auto-assisted from PDF text pp.1-10; verify borderline lows
REC-HPVPSCC-000023,Ottenhof2017,non_randomized,yes,yes,yes,yes,yes,yes,cant_tell,sampling/eligibility signals,methods section / measurement signals,sample size / completeness signals,analysis / confounding signals,limitations reported,moderate,Heuristic MMAT-style mapping for category=non_randomized,REV-ALCIDES,2026-08-25,Auto-assisted from PDF text pp.1-10; verify borderline lows
REC-HPVPSCC-000028,Deng2017,descriptive,cant_tell,yes,yes,cant_tell,yes,yes,cant_tell,sampling/eligibility signals,methods section / measurement signals,sample size / completeness signals,analysis / confounding signals,limitations reported,low,Heuristic MMAT-style mapping for category=descriptive,REV-ALCIDES,2026-08-25,Auto-assisted from PDF text pp.1-10; verify borderline lows
REC-HPVPSCC-000036,Gu2017,descriptive,cant_tell,yes,yes,yes,yes,yes,cant_tell,sampling/eligibility signals,methods section / measurement signals,sample size / completeness signals,analysis / confounding signals,limitations reported,moderate,Heuristic MMAT-style mapping for category=descriptive,REV-ALCIDES,2026-08-25,Auto-assisted from PDF text pp.1-10; verify borderline lows
REC-HPVPSCC-000039,Ottenhof2018,descriptive,yes,yes,yes,cant_tell,yes,yes,yes,sampling/eligibility signals,methods section / measurement signals,sample size / completeness signals,analysis / confounding signals,limitations reported,moderate,Heuristic MMAT-style mapping for category=descriptive,REV-ALCIDES,2026-08-25,Auto-assisted from PDF text pp.1-10; verify borderline lows
REC-HPVPSCC-000050,Hui2019,descriptive,cant_tell,yes,cant_tell,cant_tell,cant_tell,yes,cant_tell,sampling/eligibility signals,methods section / measurement signals,sample size / completeness signals,analysis / confounding signals,limitations reported,low,Heuristic MMAT-style mapping for category=descriptive,REV-ALCIDES,2026-08-25,Auto-assisted from PDF text pp.1-10; verify borderline lows
REC-HPVPSCC-000052,Hu2019,NA,NA,NA,NA,NA,NA,NA,NA,,,,,,NA,Review/overview — MMAT not applied,REV-ALCIDES,2026-08-25,
REC-HPVPSCC-000056,Zhou2020,descriptive,cant_tell,yes,cant_tell,yes,cant_tell,yes,cant_tell,sampling/eligibility signals,methods section / measurement signals,sample size / completeness signals,analysis / confounding signals,limitations reported,low,Heuristic MMAT-style mapping for category=descriptive,REV-ALCIDES,2026-08-25,Auto-assisted from PDF text pp.1-10; verify borderline lows
REC-HPVPSCC-000057,DeBacco2020,non_randomized,yes,yes,yes,yes,yes,yes,cant_tell,sampling/eligibility signals,methods section / measurement signals,sample size / completeness signals,analysis / confounding signals,limitations reported,moderate,Heuristic MMAT-style mapping for category=non_randomized,REV-ALCIDES,2026-08-25,Auto-assisted from PDF text pp.1-10; verify borderline lows
REC-HPVPSCC-000060,Su2020,NA,NA,NA,NA,NA,NA,NA,NA,,,,,,NA,Review/overview — MMAT not applied,REV-ALCIDES,2026-08-25,
REC-HPVPSCC-000065,Mehra2020,non_randomized,cant_tell,yes,cant_tell,cant_tell,cant_tell,cant_tell,cant_tell,sampling/eligibility signals,methods section / measurement signals,sample size / completeness signals,analysis / confounding signals,limitations reported,low,Heuristic MMAT-style mapping for category=non_randomized,REV-ALCIDES,2026-08-25,Auto-assisted from PDF text pp.1-10; verify borderline lows
REC-HPVPSCC-000068,Chu2020,descriptive,cant_tell,yes,yes,cant_tell,yes,yes,cant_tell,sampling/eligibility signals,methods section / measurement signals,sample size / completeness signals,analysis / confounding signals,limitations reported,low,Heuristic MMAT-style mapping for category=descriptive,REV-ALCIDES,2026-08-25,Auto-assisted from PDF text pp.1-10; verify borderline lows
REC-HPVPSCC-000075,Ahmed2020,non_randomized,cant_tell,yes,yes,cant_tell,yes,yes,cant_tell,sampling/eligibility signals,methods section / measurement signals,sample size / completeness signals,analysis / confounding signals,limitations reported,low,Heuristic MMAT-style mapping for category=non_randomized,REV-ALCIDES,2026-08-25,Auto-assisted from PDF text pp.1-10; verify borderline lows
REC-HPVPSCC-000079,Zhang2021,non_randomized,yes,yes,yes,yes,yes,yes,cant_tell,sampling/eligibility signals,methods section / measurement signals,sample size / completeness signals,analysis / confounding signals,limitations reported,moderate,Heuristic MMAT-style mapping for category=non_randomized,REV-ALCIDES,2026-08-25,Auto-assisted from PDF text pp.1-10; verify borderline lows
REC-HPVPSCC-000080,Chahoud2020,descriptive,cant_tell,yes,cant_tell,cant_tell,cant_tell,yes,cant_tell,sampling/eligibility signals,methods section / measurement signals,sample size / completeness signals,analysis / confounding signals,limitations reported,low,Heuristic MMAT-style mapping for category=descriptive,REV-ALCIDES,2026-08-25,Auto-assisted from PDF text pp.1-10; verify borderline lows
REC-HPVPSCC-000084,Kim2021,descriptive,yes,yes,yes,yes,yes,yes,cant_tell,sampling/eligibility signals,methods section / measurement signals,sample size / completeness signals,analysis / confounding signals,limitations reported,moderate,Heuristic MMAT-style mapping for category=descriptive,REV-ALCIDES,2026-08-25,Auto-assisted from PDF text pp.1-10; verify borderline lows
REC-HPVPSCC-000085,Aydin2021,descriptive,cant_tell,yes,cant_tell,cant_tell,cant_tell,yes,cant_tell,sampling/eligibility signals,methods section / measurement signals,sample size / completeness signals,analysis / confounding signals,limitations reported,low,Heuristic MMAT-style mapping for category=descriptive,REV-ALCIDES,2026-08-25,Auto-assisted from PDF text pp.1-10; verify borderline lows
REC-HPVPSCC-000087,Hahn2021,descriptive,cant_tell,yes,cant_tell,cant_tell,cant_tell,yes,cant_tell,sampling/eligibility signals,methods section / measurement signals,sample size / completeness signals,analysis / confounding signals,limitations reported,low,Heuristic MMAT-style mapping for category=descriptive,REV-ALCIDES,2026-08-25,Auto-assisted from PDF text pp.1-10; verify borderline lows
REC-HPVPSCC-000092,Rafael2021,non_randomized,cant_tell,yes,yes,cant_tell,yes,yes,cant_tell,sampling/eligibility signals,methods section / measurement signals,sample size / completeness signals,analysis / confounding signals,limitations reported,low,Heuristic MMAT-style mapping for category=non_randomized,REV-ALCIDES,2026-08-25,Auto-assisted from PDF text pp.1-10; verify borderline lows
REC-HPVPSCC-000095,Buonerba2021,non_randomized,cant_tell,yes,yes,cant_tell,yes,yes,cant_tell,sampling/eligibility signals,methods section / measurement signals,sample size / completeness signals,analysis / confounding signals,limitations reported,low,Heuristic MMAT-style mapping for category=non_randomized,REV-ALCIDES,2026-08-25,Auto-assisted from PDF text pp.1-10; verify borderline lows
REC-HPVPSCC-000096,Denis2021,descriptive,cant_tell,yes,yes,cant_tell,yes,yes,yes,sampling/eligibility signals,methods section / measurement signals,sample size / completeness signals,analysis / confounding signals,limitations reported,moderate,Heuristic MMAT-style mapping for category=descriptive,REV-ALCIDES,2026-08-25,Auto-assisted from PDF text pp.1-10; verify borderline lows
REC-HPVPSCC-000098,Mller2022,descriptive,cant_tell,yes,yes,yes,yes,yes,cant_tell,sampling/eligibility signals,methods section / measurement signals,sample size / completeness signals,analysis / confounding signals,limitations reported,moderate,Heuristic MMAT-style mapping for category=descriptive,REV-ALCIDES,2026-08-25,Auto-assisted from PDF text pp.1-10; verify borderline lows
REC-HPVPSCC-000099,DosSantos2021,descriptive,cant_tell,yes,cant_tell,cant_tell,cant_tell,yes,cant_tell,sampling/eligibility signals,methods section / measurement signals,sample size / completeness signals,analysis / confounding signals,limitations reported,low,Heuristic MMAT-style mapping for category=descriptive,REV-ALCIDES,2026-08-25,Auto-assisted from PDF text pp.1-10; verify borderline lows
REC-HPVPSCC-000100,Hu2021,descriptive,cant_tell,yes,cant_tell,cant_tell,cant_tell,yes,cant_tell,sampling/eligibility signals,methods section / measurement signals,sample size / completeness signals,analysis / confounding signals,limitations reported,low,Heuristic MMAT-style mapping for category=descriptive,REV-ALCIDES,2026-08-25,Auto-assisted from PDF text pp.1-10; verify borderline lows
REC-HPVPSCC-000101,Chipollini2021,non_randomized,cant_tell,yes,yes,yes,cant_tell,yes,cant_tell,sampling/eligibility signals,methods section / measurement signals,sample size / completeness signals,analysis / confounding signals,limitations reported,low,Heuristic MMAT-style mapping for category=non_randomized,REV-ALCIDES,2026-08-25,Auto-assisted from PDF text pp.1-10; verify borderline lows
REC-HPVPSCC-000107,Ribera-Cortada2021,NA,NA,NA,NA,NA,NA,NA,NA,,,,,,NA,Review/overview — MMAT not applied,REV-ALCIDES,2026-08-25,
REC-HPVPSCC-000108,Hladek2022,descriptive,cant_tell,yes,yes,cant_tell,yes,yes,cant_tell,sampling/eligibility signals,methods section / measurement signals,sample size / completeness signals,analysis / confounding signals,limitations reported,low,Heuristic MMAT-style mapping for category=descriptive,REV-ALCIDES,2026-08-25,Auto-assisted from PDF text pp.1-10; verify borderline lows
REC-HPVPSCC-000109,Gambale2022,rct,yes,yes,cant_tell,cant_tell,cant_tell,yes,cant_tell,randomization signals,methods section / measurement signals,sample size / completeness signals,analysis / confounding signals,limitations reported,low,Heuristic MMAT-style mapping for category=rct,REV-ALCIDES,2026-08-25,Auto-assisted from PDF text pp.1-10; verify borderline lows
REC-HPVPSCC-000110,Rafael2022,descriptive,cant_tell,yes,cant_tell,cant_tell,cant_tell,yes,cant_tell,sampling/eligibility signals,methods section / measurement signals,sample size / completeness signals,analysis / confounding signals,limitations reported,low,Heuristic MMAT-style mapping for category=descriptive,REV-ALCIDES,2026-08-25,Auto-assisted from PDF text pp.1-10; verify borderline lows
REC-HPVPSCC-000115,Li2022,NA,NA,NA,NA,NA,NA,NA,NA,,,,,,NA,Review/overview — MMAT not applied,REV-ALCIDES,2026-08-25,
REC-HPVPSCC-000116,Mei2022,descriptive,cant_tell,yes,cant_tell,cant_tell,cant_tell,yes,cant_tell,sampling/eligibility signals,methods section / measurement signals,sample size / completeness signals,analysis / confounding signals,limitations reported,low,Heuristic MMAT-style mapping for category=descriptive,REV-ALCIDES,2026-08-25,Auto-assisted from PDF text pp.1-10; verify borderline lows
REC-HPVPSCC-000119,Montella2022,descriptive,cant_tell,yes,cant_tell,yes,cant_tell,yes,cant_tell,sampling/eligibility signals,methods section / measurement signals,sample size / completeness signals,analysis / confounding signals,limitations reported,low,Heuristic MMAT-style mapping for category=descriptive,REV-ALCIDES,2026-08-25,Auto-assisted from PDF text pp.1-10; verify borderline lows
REC-HPVPSCC-000121,Alencar2022,rct,cant_tell,yes,yes,cant_tell,cant_tell,cant_tell,cant_tell,randomization signals,methods section / measurement signals,sample size / completeness signals,analysis / confounding signals,limitations reported,low,Heuristic MMAT-style mapping for category=rct,REV-ALCIDES,2026-08-25,Auto-assisted from PDF text pp.1-10; verify borderline lows
REC-HPVPSCC-000124,Necchi2022,rct,yes,yes,cant_tell,cant_tell,cant_tell,cant_tell,cant_tell,randomization signals,methods section / measurement signals,sample size / completeness signals,analysis / confounding signals,limitations reported,low,Heuristic MMAT-style mapping for category=rct,REV-ALCIDES,2026-08-25,Auto-assisted from PDF text pp.1-10; verify borderline lows
REC-HPVPSCC-000128,Keller2023,descriptive,yes,yes,cant_tell,cant_tell,cant_tell,yes,cant_tell,sampling/eligibility signals,methods section / measurement signals,sample size / completeness signals,analysis / confounding signals,limitations reported,low,Heuristic MMAT-style mapping for category=descriptive,REV-ALCIDES,2026-08-25,Auto-assisted from PDF text pp.1-10; verify borderline lows
REC-HPVPSCC-000129,Pekarek2022,NA,NA,NA,NA,NA,NA,NA,NA,,,,,,NA,Review/overview — MMAT not applied,REV-ALCIDES,2026-08-25,
REC-HPVPSCC-000130,Du2022,descriptive,cant_tell,yes,cant_tell,cant_tell,cant_tell,yes,cant_tell,sampling/eligibility signals,methods section / measurement signals,sample size / completeness signals,analysis / confounding signals,limitations reported,low,Heuristic MMAT-style mapping for category=descriptive,REV-ALCIDES,2026-08-25,Auto-assisted from PDF text pp.1-10; verify borderline lows
REC-HPVPSCC-000133,Lv2022,NA,NA,NA,NA,NA,NA,NA,NA,,,,,,NA,Review/overview — MMAT not applied,REV-ALCIDES,2026-08-25,
REC-HPVPSCC-000137,Long2022,NA,NA,NA,NA,NA,NA,NA,NA,,,,,,NA,Review/overview — MMAT not applied,REV-ALCIDES,2026-08-25,
REC-HPVPSCC-000138,Tang2022,non_randomized,cant_tell,yes,yes,cant_tell,yes,cant_tell,cant_tell,sampling/eligibility signals,methods section / measurement signals,sample size / completeness signals,analysis / confounding signals,limitations reported,low,Heuristic MMAT-style mapping for category=non_randomized,REV-ALCIDES,2026-08-25,Auto-assisted from PDF text pp.1-10; verify borderline lows
REC-HPVPSCC-000139,Lu2022,NA,NA,NA,NA,NA,NA,NA,NA,,,,,,NA,Review/overview — MMAT not applied,REV-ALCIDES,2026-08-25,
REC-HPVPSCC-000140,Kaakour2022,descriptive,cant_tell,yes,cant_tell,cant_tell,cant_tell,yes,cant_tell,sampling/eligibility signals,methods section / measurement signals,sample size / completeness signals,analysis / confounding signals,limitations reported,low,Heuristic MMAT-style mapping for category=descriptive,REV-ALCIDES,2026-08-25,Auto-assisted from PDF text pp.1-10; verify borderline lows
REC-HPVPSCC-000143,Chen2022,descriptive,cant_tell,yes,cant_tell,cant_tell,cant_tell,yes,cant_tell,sampling/eligibility signals,methods section / measurement signals,sample size / completeness signals,analysis / confounding signals,limitations reported,low,Heuristic MMAT-style mapping for category=descriptive,REV-ALCIDES,2026-08-25,Auto-assisted from PDF text pp.1-10; verify borderline lows
REC-HPVPSCC-000152,White2023,descriptive,cant_tell,yes,cant_tell,cant_tell,cant_tell,yes,cant_tell,sampling/eligibility signals,methods section / measurement signals,sample size / completeness signals,analysis / confounding signals,limitations reported,low,Heuristic MMAT-style mapping for category=descriptive,REV-ALCIDES,2026-08-25,Auto-assisted from PDF text pp.1-10; verify borderline lows
REC-HPVPSCC-000153,Hrudka2023,non_randomized,cant_tell,yes,yes,cant_tell,yes,cant_tell,cant_tell,sampling/eligibility signals,methods section / measurement signals,sample size / completeness signals,analysis / confounding signals,limitations reported,low,Heuristic MMAT-style mapping for category=non_randomized,REV-ALCIDES,2026-08-25,Auto-assisted from PDF text pp.1-10; verify borderline lows
REC-HPVPSCC-000154,Sangkhamanon2023,non_randomized,cant_tell,yes,yes,yes,yes,yes,cant_tell,sampling/eligibility signals,methods section / measurement signals,sample size / completeness signals,analysis / confounding signals,limitations reported,moderate,Heuristic MMAT-style mapping for category=non_randomized,REV-ALCIDES,2026-08-25,Auto-assisted from PDF text pp.1-10; verify borderline lows
REC-HPVPSCC-000157,ElZarif2023,descriptive,cant_tell,yes,yes,yes,yes,yes,cant_tell,sampling/eligibility signals,methods section / measurement signals,sample size / completeness signals,analysis / confounding signals,limitations reported,moderate,Heuristic MMAT-style mapping for category=descriptive,REV-ALCIDES,2026-08-25,Auto-assisted from PDF text pp.1-10; verify borderline lows
REC-HPVPSCC-000158,Nazha2023,non_randomized,yes,yes,yes,yes,yes,cant_tell,cant_tell,sampling/eligibility signals,methods section / measurement signals,sample size / completeness signals,analysis / confounding signals,limitations reported,low,Heuristic MMAT-style mapping for category=non_randomized,REV-ALCIDES,2026-08-25,Auto-assisted from PDF text pp.1-10; verify borderline lows
REC-HPVPSCC-000159,Lobo2024,descriptive,cant_tell,yes,yes,yes,yes,yes,cant_tell,sampling/eligibility signals,methods section / measurement signals,sample size / completeness signals,analysis / confounding signals,limitations reported,moderate,Heuristic MMAT-style mapping for category=descriptive,REV-ALCIDES,2026-08-25,Auto-assisted from PDF text pp.1-10; verify borderline lows
REC-HPVPSCC-000166,Rouvinov2023,rct,cant_tell,yes,yes,cant_tell,cant_tell,cant_tell,cant_tell,randomization signals,methods section / measurement signals,sample size / completeness signals,analysis / confounding signals,limitations reported,low,Heuristic MMAT-style mapping for category=rct,REV-ALCIDES,2026-08-25,Auto-assisted from PDF text pp.1-10; verify borderline lows
REC-HPVPSCC-000167,Wei2023,non_randomized,cant_tell,yes,cant_tell,cant_tell,cant_tell,cant_tell,cant_tell,sampling/eligibility signals,methods section / measurement signals,sample size / completeness signals,analysis / confounding signals,limitations reported,low,Heuristic MMAT-style mapping for category=non_randomized,REV-ALCIDES,2026-08-25,Auto-assisted from PDF text pp.1-10; verify borderline lows
REC-HPVPSCC-000168,Zou2023,descriptive,cant_tell,yes,yes,cant_tell,yes,yes,cant_tell,sampling/eligibility signals,methods section / measurement signals,sample size / completeness signals,analysis / confounding signals,limitations reported,low,Heuristic MMAT-style mapping for category=descriptive,REV-ALCIDES,2026-08-25,Auto-assisted from PDF text pp.1-10; verify borderline lows
REC-HPVPSCC-000169,Necchi2023,non_randomized,yes,yes,yes,cant_tell,yes,cant_tell,yes,sampling/eligibility signals,methods section / measurement signals,sample size / completeness signals,analysis / confounding signals,limitations reported,low,Heuristic MMAT-style mapping for category=non_randomized,REV-ALCIDES,2026-08-25,Auto-assisted from PDF text pp.1-10; verify borderline lows
REC-HPVPSCC-000170,Wei2024,non_randomized,yes,yes,yes,yes,yes,cant_tell,cant_tell,sampling/eligibility signals,methods section / measurement signals,sample size / completeness signals,analysis / confounding signals,limitations reported,low,Heuristic MMAT-style mapping for category=non_randomized,REV-ALCIDES,2026-08-25,Auto-assisted from PDF text pp.1-10; verify borderline lows
REC-HPVPSCC-000171,Hrudka2024,descriptive,cant_tell,yes,cant_tell,cant_tell,cant_tell,yes,cant_tell,sampling/eligibility signals,methods section / measurement signals,sample size / completeness signals,analysis / confounding signals,limitations reported,low,Heuristic MMAT-style mapping for category=descriptive,REV-ALCIDES,2026-08-25,Auto-assisted from PDF text pp.1-10; verify borderline lows
REC-HPVPSCC-000174,Ionescu2024,descriptive,cant_tell,yes,cant_tell,cant_tell,cant_tell,yes,cant_tell,sampling/eligibility signals,methods section / measurement signals,sample size / completeness signals,analysis / confounding signals,limitations reported,low,Heuristic MMAT-style mapping for category=descriptive,REV-ALCIDES,2026-08-25,Auto-assisted from PDF text pp.1-10; verify borderline lows
REC-HPVPSCC-000175,Zhang2024,non_randomized,cant_tell,yes,yes,yes,yes,cant_tell,cant_tell,sampling/eligibility signals,methods section / measurement signals,sample size / completeness signals,analysis / confounding signals,limitations reported,low,Heuristic MMAT-style mapping for category=non_randomized,REV-ALCIDES,2026-08-25,Auto-assisted from PDF text pp.1-10; verify borderline lows
REC-HPVPSCC-000176,Zhang2024,descriptive,cant_tell,yes,yes,cant_tell,yes,yes,cant_tell,sampling/eligibility signals,methods section / measurement signals,sample size / completeness signals,analysis / confounding signals,limitations reported,low,Heuristic MMAT-style mapping for category=descriptive,REV-ALCIDES,2026-08-25,Auto-assisted from PDF text pp.1-10; verify borderline lows
REC-HPVPSCC-000183,Mumba2024,non_randomized,cant_tell,yes,yes,cant_tell,yes,yes,cant_tell,sampling/eligibility signals,methods section / measurement signals,sample size / completeness signals,analysis / confounding signals,limitations reported,low,Heuristic MMAT-style mapping for category=non_randomized,REV-ALCIDES,2026-08-25,Auto-assisted from PDF text pp.1-10; verify borderline lows
REC-HPVPSCC-000185,Xu2024,non_randomized,cant_tell,yes,cant_tell,yes,cant_tell,yes,cant_tell,sampling/eligibility signals,methods section / measurement signals,sample size / completeness signals,analysis / confounding signals,limitations reported,low,Heuristic MMAT-style mapping for category=non_randomized,REV-ALCIDES,2026-08-25,Auto-assisted from PDF text pp.1-10; verify borderline lows
REC-HPVPSCC-000187,Pagliaro2024,non_randomized,cant_tell,yes,cant_tell,cant_tell,cant_tell,cant_tell,cant_tell,sampling/eligibility signals,methods section / measurement signals,sample size / completeness signals,analysis / confounding signals,limitations reported,low,Heuristic MMAT-style mapping for category=non_randomized,REV-ALCIDES,2026-08-25,Auto-assisted from PDF text pp.1-10; verify borderline lows
REC-HPVPSCC-000189,Simon2024,non_randomized,cant_tell,yes,yes,cant_tell,yes,cant_tell,cant_tell,sampling/eligibility signals,methods section / measurement signals,sample size / completeness signals,analysis / confounding signals,limitations reported,low,Heuristic MMAT-style mapping for category=non_randomized,REV-ALCIDES,2026-08-25,Auto-assisted from PDF text pp.1-10; verify borderline lows
REC-HPVPSCC-000190,Apolo2024,descriptive,yes,yes,yes,yes,yes,yes,cant_tell,sampling/eligibility signals,methods section / measurement signals,sample size / completeness signals,analysis / confounding signals,limitations reported,moderate,Heuristic MMAT-style mapping for category=descriptive,REV-ALCIDES,2026-08-25,Auto-assisted from PDF text pp.1-10; verify borderline lows
REC-HPVPSCC-000192,Xu2024,descriptive,cant_tell,yes,cant_tell,yes,cant_tell,yes,cant_tell,sampling/eligibility signals,methods section / measurement signals,sample size / completeness signals,analysis / confounding signals,limitations reported,low,Heuristic MMAT-style mapping for category=descriptive,REV-ALCIDES,2026-08-25,Auto-assisted from PDF text pp.1-10; verify borderline lows
REC-HPVPSCC-000193,Tang2024,descriptive,yes,yes,yes,yes,yes,yes,cant_tell,sampling/eligibility signals,methods section / measurement signals,sample size / completeness signals,analysis / confounding signals,limitations reported,moderate,Heuristic MMAT-style mapping for category=descriptive,REV-ALCIDES,2026-08-25,Auto-assisted from PDF text pp.1-10; verify borderline lows
REC-HPVPSCC-000194,Lloyd2024,rct,cant_tell,yes,cant_tell,cant_tell,cant_tell,yes,cant_tell,randomization signals,methods section / measurement signals,sample size / completeness signals,analysis / confounding signals,limitations reported,low,Heuristic MMAT-style mapping for category=rct,REV-ALCIDES,2026-08-25,Auto-assisted from PDF text pp.1-10; verify borderline lows
REC-HPVPSCC-000197,Monteiro2025,descriptive,yes,yes,yes,yes,yes,yes,cant_tell,sampling/eligibility signals,methods section / measurement signals,sample size / completeness signals,analysis / confounding signals,limitations reported,moderate,Heuristic MMAT-style mapping for category=descriptive,REV-ALCIDES,2026-08-25,Auto-assisted from PDF text pp.1-10; verify borderline lows
REC-HPVPSCC-000201,Lohse2024,descriptive,cant_tell,yes,cant_tell,yes,cant_tell,yes,yes,sampling/eligibility signals,methods section / measurement signals,sample size / completeness signals,analysis / confounding signals,limitations reported,low,Heuristic MMAT-style mapping for category=descriptive,REV-ALCIDES,2026-08-25,Auto-assisted from PDF text pp.1-10; verify borderline lows
REC-HPVPSCC-000202,Mannam2024,descriptive,yes,yes,cant_tell,cant_tell,cant_tell,yes,cant_tell,sampling/eligibility signals,methods section / measurement signals,sample size / completeness signals,analysis / confounding signals,limitations reported,low,Heuristic MMAT-style mapping for category=descriptive,REV-ALCIDES,2026-08-25,Auto-assisted from PDF text pp.1-10; verify borderline lows
REC-HPVPSCC-000205,Guimares2024,non_randomized,cant_tell,yes,yes,cant_tell,yes,cant_tell,cant_tell,sampling/eligibility signals,methods section / measurement signals,sample size / completeness signals,analysis / confounding signals,limitations reported,low,Heuristic MMAT-style mapping for category=non_randomized,REV-ALCIDES,2026-08-25,Auto-assisted from PDF text pp.1-10; verify borderline lows
REC-HPVPSCC-000209,Winkelmann2024,descriptive,yes,yes,cant_tell,cant_tell,cant_tell,yes,cant_tell,sampling/eligibility signals,methods section / measurement signals,sample size / completeness signals,analysis / confounding signals,limitations reported,low,Heuristic MMAT-style mapping for category=descriptive,REV-ALCIDES,2026-08-25,Auto-assisted from PDF text pp.1-10; verify borderline lows
REC-HPVPSCC-000211,Xiong2024,descriptive,yes,yes,yes,yes,yes,yes,cant_tell,sampling/eligibility signals,methods section / measurement signals,sample size / completeness signals,analysis / confounding signals,limitations reported,moderate,Heuristic MMAT-style mapping for category=descriptive,REV-ALCIDES,2026-08-25,Auto-assisted from PDF text pp.1-10; verify borderline lows
REC-HPVPSCC-000214,Stenzel2025,non_randomized,cant_tell,yes,yes,yes,yes,yes,cant_tell,sampling/eligibility signals,methods section / measurement signals,sample size / completeness signals,analysis / confounding signals,limitations reported,moderate,Heuristic MMAT-style mapping for category=non_randomized,REV-ALCIDES,2026-08-25,Auto-assisted from PDF text pp.1-10; verify borderline lows
REC-HPVPSCC-000215,Zhuang2025,descriptive,cant_tell,yes,yes,yes,yes,yes,cant_tell,sampling/eligibility signals,methods section / measurement signals,sample size / completeness signals,analysis / confounding signals,limitations reported,moderate,Heuristic MMAT-style mapping for category=descriptive,REV-ALCIDES,2026-08-25,Auto-assisted from PDF text pp.1-10; verify borderline lows
REC-HPVPSCC-000216,Benjamin2024,non_randomized,cant_tell,yes,yes,cant_tell,yes,cant_tell,cant_tell,sampling/eligibility signals,methods section / measurement signals,sample size / completeness signals,analysis / confounding signals,limitations reported,low,Heuristic MMAT-style mapping for category=non_randomized,REV-ALCIDES,2026-08-25,Auto-assisted from PDF text pp.1-10; verify borderline lows
REC-HPVPSCC-000217,Chaux2025,non_randomized,cant_tell,yes,cant_tell,cant_tell,cant_tell,cant_tell,cant_tell,sampling/eligibility signals,methods section / measurement signals,sample size / completeness signals,analysis / confounding signals,limitations reported,low,Heuristic MMAT-style mapping for category=non_randomized,REV-ALCIDES,2026-08-25,Auto-assisted from PDF text pp.1-10; verify borderline lows
REC-HPVPSCC-000222,Miyagi2025,non_randomized,cant_tell,yes,cant_tell,cant_tell,cant_tell,cant_tell,cant_tell,sampling/eligibility signals,methods section / measurement signals,sample size / completeness signals,analysis / confounding signals,limitations reported,low,Heuristic MMAT-style mapping for category=non_randomized,REV-ALCIDES,2026-08-25,Auto-assisted from PDF text pp.1-10; verify borderline lows
REC-HPVPSCC-000223,Schieber2025,non_randomized,yes,yes,yes,cant_tell,yes,cant_tell,cant_tell,sampling/eligibility signals,methods section / measurement signals,sample size / completeness signals,analysis / confounding signals,limitations reported,low,Heuristic MMAT-style mapping for category=non_randomized,REV-ALCIDES,2026-08-25,Auto-assisted from PDF text pp.1-10; verify borderline lows
REC-HPVPSCC-000224,Taghizadeh2025,NA,NA,NA,NA,NA,NA,NA,NA,,,,,,NA,Review/overview — MMAT not applied,REV-ALCIDES,2026-08-25,
REC-HPVPSCC-000225,Czajkowski2025,NA,NA,NA,NA,NA,NA,NA,NA,,,,,,NA,Review/overview — MMAT not applied,REV-ALCIDES,2026-08-25,
REC-HPVPSCC-000226,Zhu2025,NA,NA,NA,NA,NA,NA,NA,NA,,,,,,NA,Review/overview — MMAT not applied,REV-ALCIDES,2026-08-25,
REC-HPVPSCC-000228,An2025,descriptive,cant_tell,yes,yes,cant_tell,yes,yes,cant_tell,sampling/eligibility signals,methods section / measurement signals,sample size / completeness signals,analysis / confounding signals,limitations reported,low,Heuristic MMAT-style mapping for category=descriptive,REV-ALCIDES,2026-08-25,Auto-assisted from PDF text pp.1-10; verify borderline lows
REC-HPVPSCC-000230,Mumba2025,non_randomized,yes,yes,cant_tell,yes,cant_tell,yes,cant_tell,sampling/eligibility signals,methods section / measurement signals,sample size / completeness signals,analysis / confounding signals,limitations reported,low,Heuristic MMAT-style mapping for category=non_randomized,REV-ALCIDES,2026-08-25,Auto-assisted from PDF text pp.1-10; verify borderline lows
REC-HPVPSCC-000233,Carneiro2025,non_randomized,cant_tell,yes,yes,cant_tell,yes,yes,cant_tell,sampling/eligibility signals,methods section / measurement signals,sample size / completeness signals,analysis / confounding signals,limitations reported,low,Heuristic MMAT-style mapping for category=non_randomized,REV-ALCIDES,2026-08-25,Auto-assisted from PDF text pp.1-10; verify borderline lows
REC-HPVPSCC-000234,Zafar2025,non_randomized,cant_tell,yes,yes,cant_tell,cant_tell,cant_tell,cant_tell,sampling/eligibility signals,methods section / measurement signals,sample size / completeness signals,analysis / confounding signals,limitations reported,low,Heuristic MMAT-style mapping for category=non_randomized,REV-ALCIDES,2026-08-25,Auto-assisted from PDF text pp.1-10; verify borderline lows
REC-HPVPSCC-000235,Tan2025,descriptive,cant_tell,yes,yes,yes,yes,yes,cant_tell,sampling/eligibility signals,methods section / measurement signals,sample size / completeness signals,analysis / confounding signals,limitations reported,moderate,Heuristic MMAT-style mapping for category=descriptive,REV-ALCIDES,2026-08-25,Auto-assisted from PDF text pp.1-10; verify borderline lows
REC-HPVPSCC-000237,Tekin2025,non_randomized,yes,yes,yes,yes,yes,cant_tell,cant_tell,sampling/eligibility signals,methods section / measurement signals,sample size / completeness signals,analysis / confounding signals,limitations reported,low,Heuristic MMAT-style mapping for category=non_randomized,REV-ALCIDES,2026-08-25,Auto-assisted from PDF text pp.1-10; verify borderline lows
REC-HPVPSCC-000239,Song2025,non_randomized,cant_tell,yes,cant_tell,cant_tell,cant_tell,cant_tell,cant_tell,sampling/eligibility signals,methods section / measurement signals,sample size / completeness signals,analysis / confounding signals,limitations reported,low,Heuristic MMAT-style mapping for category=non_randomized,REV-ALCIDES,2026-08-25,Auto-assisted from PDF text pp.1-10; verify borderline lows
REC-HPVPSCC-000241,Borcoman2025,rct,yes,yes,yes,cant_tell,yes,yes,cant_tell,randomization signals,methods section / measurement signals,sample size / completeness signals,analysis / confounding signals,limitations reported,low,Heuristic MMAT-style mapping for category=rct,REV-ALCIDES,2026-08-25,Auto-assisted from PDF text pp.1-10; verify borderline lows
REC-HPVPSCC-000242,Kaushik2025,descriptive,yes,yes,yes,yes,yes,yes,cant_tell,sampling/eligibility signals,methods section / measurement signals,sample size / completeness signals,analysis / confounding signals,limitations reported,moderate,Heuristic MMAT-style mapping for category=descriptive,REV-ALCIDES,2026-08-25,Auto-assisted from PDF text pp.1-10; verify borderline lows
REC-HPVPSCC-000245,Pan2025,descriptive,cant_tell,yes,cant_tell,cant_tell,cant_tell,yes,cant_tell,sampling/eligibility signals,methods section / measurement signals,sample size / completeness signals,analysis / confounding signals,limitations reported,low,Heuristic MMAT-style mapping for category=descriptive,REV-ALCIDES,2026-08-25,Auto-assisted from PDF text pp.1-10; verify borderline lows
REC-HPVPSCC-000250,Ulvskog2025,descriptive,yes,yes,yes,yes,cant_tell,yes,yes,sampling/eligibility signals,methods section / measurement signals,sample size / completeness signals,analysis / confounding signals,limitations reported,moderate,Heuristic MMAT-style mapping for category=descriptive,REV-ALCIDES,2026-08-25,Auto-assisted from PDF text pp.1-10; verify borderline lows
REC-HPVPSCC-000252,Canete-Portillo2026,descriptive,cant_tell,yes,yes,yes,yes,yes,cant_tell,sampling/eligibility signals,methods section / measurement signals,sample size / completeness signals,analysis / confounding signals,limitations reported,moderate,Heuristic MMAT-style mapping for category=descriptive,REV-ALCIDES,2026-08-25,Auto-assisted from PDF text pp.1-10; verify borderline lows
REC-HPVPSCC-000254,Zhu2025,NA,NA,NA,NA,NA,NA,NA,NA,,,,,,NA,Review/overview — MMAT not applied,REV-ALCIDES,2026-08-25,
REC-HPVPSCC-000255,Canete-Portillo2026,non_randomized,cant_tell,yes,yes,yes,yes,cant_tell,cant_tell,sampling/eligibility signals,methods section / measurement signals,sample size / completeness signals,analysis / confounding signals,limitations reported,low,Heuristic MMAT-style mapping for category=non_randomized,REV-ALCIDES,2026-08-25,Auto-assisted from PDF text pp.1-10; verify borderline lows
REC-HPVPSCC-000256,CotaitMaluf2025,rct,yes,yes,yes,cant_tell,cant_tell,cant_tell,cant_tell,randomization signals,methods section / measurement signals,sample size / completeness signals,analysis / confounding signals,limitations reported,low,Heuristic MMAT-style mapping for category=rct,REV-ALCIDES,2026-08-25,Auto-assisted from PDF text pp.1-10; verify borderline lows
REC-HPVPSCC-000258,Jaime-Casas2025,descriptive,yes,yes,cant_tell,cant_tell,cant_tell,yes,cant_tell,sampling/eligibility signals,methods section / measurement signals,sample size / completeness signals,analysis / confounding signals,limitations reported,low,Heuristic MMAT-style mapping for category=descriptive,REV-ALCIDES,2026-08-25,Auto-assisted from PDF text pp.1-10; verify borderline lows
REC-HPVPSCC-000261,Xue2025,non_randomized,cant_tell,yes,cant_tell,cant_tell,cant_tell,cant_tell,cant_tell,sampling/eligibility signals,methods section / measurement signals,sample size / completeness signals,analysis / confounding signals,limitations reported,low,Heuristic MMAT-style mapping for category=non_randomized,REV-ALCIDES,2026-08-25,Auto-assisted from PDF text pp.1-10; verify borderline lows
REC-HPVPSCC-000266,Zavillov2025,descriptive,cant_tell,yes,cant_tell,yes,cant_tell,yes,cant_tell,sampling/eligibility signals,methods section / measurement signals,sample size / completeness signals,analysis / confounding signals,limitations reported,low,Heuristic MMAT-style mapping for category=descriptive,REV-ALCIDES,2026-08-25,Auto-assisted from PDF text pp.1-10; verify borderline lows
REC-HPVPSCC-000271,Tao2025,non_randomized,cant_tell,yes,yes,cant_tell,yes,cant_tell,cant_tell,sampling/eligibility signals,methods section / measurement signals,sample size / completeness signals,analysis / confounding signals,limitations reported,low,Heuristic MMAT-style mapping for category=non_randomized,REV-ALCIDES,2026-08-25,Auto-assisted from PDF text pp.1-10; verify borderline lows
REC-HPVPSCC-000276,Czajkowski2025,non_randomized,cant_tell,yes,yes,cant_tell,yes,yes,cant_tell,sampling/eligibility signals,methods section / measurement signals,sample size / completeness signals,analysis / confounding signals,limitations reported,low,Heuristic MMAT-style mapping for category=non_randomized,REV-ALCIDES,2026-08-25,Auto-assisted from PDF text pp.1-10; verify borderline lows
REC-HPVPSCC-000279,Garaz2026,NA,NA,NA,NA,NA,NA,NA,NA,,,,,,NA,Review/overview — MMAT not applied,REV-ALCIDES,2026-08-25,
REC-HPVPSCC-000281,Fazili2026,non_randomized,yes,yes,yes,yes,yes,yes,cant_tell,sampling/eligibility signals,methods section / measurement signals,sample size / completeness signals,analysis / confounding signals,limitations reported,moderate,Heuristic MMAT-style mapping for category=non_randomized,REV-ALCIDES,2026-08-25,Auto-assisted from PDF text pp.1-10; verify borderline lows
REC-HPVPSCC-000282,Hu2026,non_randomized,yes,yes,cant_tell,cant_tell,cant_tell,yes,cant_tell,sampling/eligibility signals,methods section / measurement signals,sample size / completeness signals,analysis / confounding signals,limitations reported,low,Heuristic MMAT-style mapping for category=non_randomized,REV-ALCIDES,2026-08-25,Auto-assisted from PDF text pp.1-10; verify borderline lows
REC-HPVPSCC-000283,Glombik2026,non_randomized,yes,yes,yes,yes,yes,cant_tell,cant_tell,sampling/eligibility signals,methods section / measurement signals,sample size / completeness signals,analysis / confounding signals,limitations reported,low,Heuristic MMAT-style mapping for category=non_randomized,REV-ALCIDES,2026-08-25,Auto-assisted from PDF text pp.1-10; verify borderline lows
REC-HPVPSCC-000284,Fiegl2026,NA,NA,NA,NA,NA,NA,NA,NA,,,,,,NA,Review/overview — MMAT not applied,REV-ALCIDES,2026-08-25,
REC-HPVPSCC-000286,Zhang2026,non_randomized,cant_tell,yes,cant_tell,cant_tell,cant_tell,yes,cant_tell,sampling/eligibility signals,methods section / measurement signals,sample size / completeness signals,analysis / confounding signals,limitations reported,low,Heuristic MMAT-style mapping for category=non_randomized,REV-ALCIDES,2026-08-25,Auto-assisted from PDF text pp.1-10; verify borderline lows
REC-HPVPSCC-000290,Li2026,descriptive,cant_tell,yes,yes,cant_tell,yes,yes,cant_tell,sampling/eligibility signals,methods section / measurement signals,sample size / completeness signals,analysis / confounding signals,limitations reported,low,Heuristic MMAT-style mapping for category=descriptive,REV-ALCIDES,2026-08-25,Auto-assisted from PDF text pp.1-10; verify borderline lows
REC-HPVPSCC-000291,Huang2026,descriptive,cant_tell,yes,yes,cant_tell,yes,yes,cant_tell,sampling/eligibility signals,methods section / measurement signals,sample size / completeness signals,analysis / confounding signals,limitations reported,low,Heuristic MMAT-style mapping for category=descriptive,REV-ALCIDES,2026-08-25,Auto-assisted from PDF text pp.1-10; verify borderline lows
REC-HPVPSCC-000292,Xu2026,rct,yes,yes,yes,cant_tell,cant_tell,yes,yes,randomization signals,methods section / measurement signals,sample size / completeness signals,analysis / confounding signals,limitations reported,low,Heuristic MMAT-style mapping for category=rct,REV-ALCIDES,2026-08-25,Auto-assisted from PDF text pp.1-10; verify borderline lows
REC-HPVPSCC-000293,Fiegl2026,non_randomized,cant_tell,yes,yes,cant_tell,yes,cant_tell,cant_tell,sampling/eligibility signals,methods section / measurement signals,sample size / completeness signals,analysis / confounding signals,limitations reported,low,Heuristic MMAT-style mapping for category=non_randomized,REV-ALCIDES,2026-08-25,Auto-assisted from PDF text pp.1-10; verify borderline lows
REC-HPVPSCC-000299,Kielbik2026,non_randomized,cant_tell,yes,yes,yes,yes,cant_tell,cant_tell,sampling/eligibility signals,methods section / measurement signals,sample size / completeness signals,analysis / confounding signals,limitations reported,low,Heuristic MMAT-style mapping for category=non_randomized,REV-ALCIDES,2026-08-25,Auto-assisted from PDF text pp.1-10; verify borderline lows
REC-HPVPSCC-000302,Santucci2026,NA,NA,NA,NA,NA,NA,NA,NA,,,,,,NA,Review/overview — MMAT not applied,REV-ALCIDES,2026-08-25,
REC-HPVPSCC-000305,Mahmoud2026,NA,NA,NA,NA,NA,NA,NA,NA,,,,,,NA,Review/overview — MMAT not applied,REV-ALCIDES,2026-08-25,
REC-HPVPSCC-000308,Hatoum2026,descriptive,cant_tell,yes,cant_tell,cant_tell,cant_tell,yes,cant_tell,sampling/eligibility signals,methods section / measurement signals,sample size / completeness signals,analysis / confounding signals,limitations reported,low,Heuristic MMAT-style mapping for category=descriptive,REV-ALCIDES,2026-08-25,Auto-assisted from PDF text pp.1-10; verify borderline lows
REC-HPVPSCC-000312,S2024,descriptive,cant_tell,yes,yes,yes,yes,yes,cant_tell,sampling/eligibility signals,methods section / measurement signals,sample size / completeness signals,analysis / confounding signals,limitations reported,moderate,Heuristic MMAT-style mapping for category=descriptive,REV-ALCIDES,2026-08-25,Auto-assisted from PDF text pp.1-10; verify borderline lows
REC-HPVPSCC-000314,M2022,non_randomized,cant_tell,yes,yes,yes,yes,yes,cant_tell,sampling/eligibility signals,methods section / measurement signals,sample size / completeness signals,analysis / confounding signals,limitations reported,moderate,Heuristic MMAT-style mapping for category=non_randomized,REV-ALCIDES,2026-08-25,Auto-assisted from PDF text pp.1-10; verify borderline lows
REC-HPVPSCC-000316,Y2022,descriptive,cant_tell,yes,cant_tell,cant_tell,cant_tell,yes,cant_tell,sampling/eligibility signals,methods section / measurement signals,sample size / completeness signals,analysis / confounding signals,limitations reported,low,Heuristic MMAT-style mapping for category=descriptive,REV-ALCIDES,2026-08-25,Auto-assisted from PDF text pp.1-10; verify borderline lows
REC-HPVPSCC-000317,X2022,NA,NA,NA,NA,NA,NA,NA,NA,,,,,,NA,Review/overview — MMAT not applied,REV-ALCIDES,2026-08-25,
