record_id,title,year,doi,url,retrieval_status,note
REC-HPVPSCC-000015,Human papilloma virus status of penile squamous cell carcinoma is associated with differences in tumour-infiltrating T lymphocytes.,2015,10.1007/s00428-014-1713-4,https://doi.org/10.1007/s00428-014-1713-4,unavailable,Could not retrieve PDF; excluded from FT screening corpus
REC-HPVPSCC-000016,Pathologic and imunohistochemical characterization of tumoral inflammatory cell infiltrate in invasive penile squamous cell carcinomas: Fox-P3 expression is an independent predictor of recurrence.,2015,10.1007/s13277-014-2864-2,https://doi.org/10.1007/s13277-014-2864-2,unavailable,Could not retrieve PDF; excluded from FT screening corpus
REC-HPVPSCC-000034,Immunotherapy for penile cancer.,2017,10.4155/fsoa-2017-0031,https://doi.org/10.4155/fsoa-2017-0031,unavailable,Could not retrieve PDF; excluded from FT screening corpus
REC-HPVPSCC-000037,Evidence for Efficacy of Treatment With the Anti-PD-1 Mab Nivolumab in Radiation and Multichemorefractory Advanced Penile Squamous Cell Carcinoma.,2018,10.1097/cji.0000000000000221,https://doi.org/10.1097/cji.0000000000000221,unavailable,Could not retrieve PDF; excluded from FT screening corpus
REC-HPVPSCC-000040,Immunotherapy for advanced penile cancer - rationale and potential.,2018,10.1038/s41585-018-0083-0,https://doi.org/10.1038/s41585-018-0083-0,unavailable,Could not retrieve PDF; excluded from FT screening corpus
REC-HPVPSCC-000047,Defining the Tumor Microenvironment of Penile Cancer by Means of the Cancer Immunogram.,2019,10.1016/j.euf.2019.02.019,https://doi.org/10.1016/j.euf.2019.02.019,unavailable,Could not retrieve PDF; excluded from FT screening corpus
REC-HPVPSCC-000049,PD-L1 Expression in Men with Penile Cancer and its Association with Clinical Outcomes.,2019,10.1016/j.euo.2018.07.010,https://doi.org/10.1016/j.euo.2018.07.010,unavailable,Could not retrieve PDF; excluded from FT screening corpus
REC-HPVPSCC-000051,Treating advanced penile cancer: where do we stand in 2019?,2019,10.1097/spc.0000000000000431,https://doi.org/10.1097/spc.0000000000000431,unavailable,Could not retrieve PDF; excluded from FT screening corpus
REC-HPVPSCC-000053,Risk factors and molecular characterization of penile cancer: impact on prognosis and potential targets for systemic therapy.,2020,10.1097/mou.0000000000000712,https://doi.org/10.1097/mou.0000000000000712,unavailable,Could not retrieve PDF; excluded from FT screening corpus
REC-HPVPSCC-000058,PD1/PD-L1 Axis in Uro-oncology.,2020,10.2174/1389450121666200326123700,https://doi.org/10.2174/1389450121666200326123700,unavailable,Could not retrieve PDF; excluded from FT screening corpus
REC-HPVPSCC-000062,Metastatic penile squamous cell carcinoma with dramatic response to combined checkpoint blockade with ipilimumab and nivolumab.,2021,10.1177/1078155220922602,https://doi.org/10.1177/1078155220922602,unavailable,Could not retrieve PDF; excluded from FT screening corpus
REC-HPVPSCC-000063,"A nomogram incorporating PD-L1, NLR, and clinicopathologic features to predict inguinal lymph node metastasis in penile squamous cell carcinoma.",2020,10.1016/j.urolonc.2020.04.015,https://doi.org/10.1016/j.urolonc.2020.04.015,unavailable,Could not retrieve PDF; excluded from FT screening corpus
REC-HPVPSCC-000066,[Systemic treatment of locally advanced or metastatic penile cancer].,2020,10.1016/s0007-4551(20)30274-5,https://doi.org/10.1016/s0007-4551(20)30274-5,unavailable,Could not retrieve PDF; excluded from FT screening corpus
REC-HPVPSCC-000067,Activity and tolerability of maintenance avelumab immunotherapy after first line polychemotherapy including platinum in patients with locally advanced or metastatic squamous cell penile carcinoma: PULSE.,2020,10.1016/s0007-4551(20)30282-4,https://doi.org/10.1016/s0007-4551(20)30282-4,unavailable,Could not retrieve PDF; excluded from FT screening corpus
REC-HPVPSCC-000072,Understanding genomics and the immune environment of penile cancer to improve therapy.,2020,10.1038/s41585-020-0359-z,https://doi.org/10.1038/s41585-020-0359-z,unavailable,Could not retrieve PDF; excluded from FT screening corpus
REC-HPVPSCC-000077,Penile cancer: potential target for immunotherapy?,2021,10.1007/s00345-020-03510-7,https://doi.org/10.1007/s00345-020-03510-7,unavailable,Could not retrieve PDF; excluded from FT screening corpus
REC-HPVPSCC-000082,Penile Lymphoepithelioma-Like Carcinoma: A Rare Case With PD-L1 Expression.,2021,10.1177/1066896920988340,https://doi.org/10.1177/1066896920988340,unavailable,Could not retrieve PDF; excluded from FT screening corpus
REC-HPVPSCC-000091,Tumor Microenvironment in Penile Cancer.,2020,10.1007/978-3-030-59038-3_18,https://doi.org/10.1007/978-3-030-59038-3_18,unavailable,Could not retrieve PDF; excluded from FT screening corpus
REC-HPVPSCC-000120,"First-line programmed death receptor-1 (PD-1) inhibitor and epidermal growth factor receptor (EGFR) blockade, combined with platinum-based chemotherapy, for stage IV penile cancer.",2023,10.1111/bju.15828,https://doi.org/10.1111/bju.15828,unavailable,Could not retrieve PDF; excluded from FT screening corpus
REC-HPVPSCC-000123,Immune-based therapies in penile cancer.,2022,10.1038/s41585-022-00617-x,https://doi.org/10.1038/s41585-022-00617-x,unavailable,Could not retrieve PDF; excluded from FT screening corpus
REC-HPVPSCC-000136,"The Evolving Landscape of Viral, Immune, and Molecular Biomarkers in Penile Cancer.",2023,10.1016/j.ucl.2022.09.013,https://doi.org/10.1016/j.ucl.2022.09.013,unavailable,Could not retrieve PDF; excluded from FT screening corpus
REC-HPVPSCC-000146,Prognostic significance and immune correlates of FADD in penile squamous cell carcinoma.,2023,10.1007/s00428-023-03514-9,https://doi.org/10.1007/s00428-023-03514-9,unavailable,Could not retrieve PDF; excluded from FT screening corpus
REC-HPVPSCC-000155,Atezolizumab With or Without Radiotherapy for Advanced Squamous Cell Carcinoma of the Penis (The PERICLES Study): A Phase II Trial.,2023,10.1200/jco.22.02894,https://doi.org/10.1200/jco.22.02894,unavailable,Could not retrieve PDF; excluded from FT screening corpus
REC-HPVPSCC-000164,"Assessment of PD-L1, TROP2, and nectin-4 expression in penile squamous cell carcinoma.",2023,10.1016/j.humpath.2023.10.003,https://doi.org/10.1016/j.humpath.2023.10.003,unavailable,Could not retrieve PDF; excluded from FT screening corpus
REC-HPVPSCC-000180,Insights into the management of penile squamous cell carcinoma: from conventional approaches to emerging novel therapies.,2024,10.1080/14656566.2024.2337244,https://doi.org/10.1080/14656566.2024.2337244,unavailable,Could not retrieve PDF; excluded from FT screening corpus
REC-HPVPSCC-000182,"Single-cell Atlas of Penile Cancer Reveals TP53 Mutations as a Driver of an Aggressive Phenotype, Irrespective of Human Papillomavirus Status, and Provides Clues for Treatment Personalization.",2024,10.1016/j.eururo.2024.03.038,https://doi.org/10.1016/j.eururo.2024.03.038,unavailable,Could not retrieve PDF; excluded from FT screening corpus
REC-HPVPSCC-000184,Retifanlimab in Advanced Penile Squamous Cell Carcinoma: The Phase 2 ORPHEUS Study.,2025,10.1016/j.euo.2024.04.021,https://doi.org/10.1016/j.euo.2024.04.021,unavailable,Could not retrieve PDF; excluded from FT screening corpus
REC-HPVPSCC-000188,Immune-based Therapies for Penile Cancer.,2024,10.1016/j.ucl.2024.03.014,https://doi.org/10.1016/j.ucl.2024.03.014,unavailable,Could not retrieve PDF; excluded from FT screening corpus
REC-HPVPSCC-000191,"Penile intraepithelial neoplasia incidence, clinical classification, microenvironment and implications for imiquimod treatment.",2024,10.1111/bju.16473,https://doi.org/10.1111/bju.16473,unavailable,Could not retrieve PDF; excluded from FT screening corpus
REC-HPVPSCC-000203,Programmed death-ligand expression and lymph node involvement in penile squamous cell carcinoma.,2024,10.4081/aiua.2024.12856,https://doi.org/10.4081/aiua.2024.12856,unavailable,Could not retrieve PDF; excluded from FT screening corpus
REC-HPVPSCC-000212,Immunotherapy in Penile Cancer: A Systematic Review.,2024,10.56434/j.arch.esp.urol.20247710.154,https://doi.org/10.56434/j.arch.esp.urol.20247710.154,unavailable,Could not retrieve PDF; excluded from FT screening corpus
REC-HPVPSCC-000220,Treatment strategies in human papillomavirus-related advanced penile cancer.,2025,10.1038/s41585-025-00994-z,https://doi.org/10.1038/s41585-025-00994-z,unavailable,Could not retrieve PDF; excluded from FT screening corpus
REC-HPVPSCC-000227,Current update on pharmacological strategies of penile cancer.,2025,10.1080/14656566.2025.2492335,https://doi.org/10.1080/14656566.2025.2492335,unavailable,Could not retrieve PDF; excluded from FT screening corpus
REC-HPVPSCC-000231,Emerging Advances in the Molecular Landscape of Penile Cancer and Their Implications for Precision Medicine.,2025,10.1007/s11864-025-01319-3,https://doi.org/10.1007/s11864-025-01319-3,unavailable,Could not retrieve PDF; excluded from FT screening corpus
REC-HPVPSCC-000236,Management of Advanced Penile Cancer.,2026,10.1159/000546246,https://doi.org/10.1159/000546246,unavailable,Could not retrieve PDF; excluded from FT screening corpus
REC-HPVPSCC-000247,[Penile carcinoma: the importance of histological classification and new treatment strategies].,2026,10.1055/a-2638-4574,https://doi.org/10.1055/a-2638-4574,unavailable,Could not retrieve PDF; excluded from FT screening corpus
REC-HPVPSCC-000253,Clinicopathological Features of Non-HPV-associated Common Differentiated Penile Squamous Cell Carcinoma: A Study of 55 Patients.,2025,10.1097/pai.0000000000001279,https://doi.org/10.1097/pai.0000000000001279,unavailable,Could not retrieve PDF; excluded from FT screening corpus
REC-HPVPSCC-000259,An update on the pharmacotherapy of penile cancer.,2026,10.1177/10781552251383790,https://doi.org/10.1177/10781552251383790,unavailable,Could not retrieve PDF; excluded from FT screening corpus
REC-HPVPSCC-000260,CD4 and CD8 T-cell lymphocytes from penile squamous cell carcinoma tumors are more differentiated with higher PD-1 expression compared to lymphocytes in peripheral circulation.,2026,10.1016/j.imlet.2025.107099,https://doi.org/10.1016/j.imlet.2025.107099,unavailable,Could not retrieve PDF; excluded from FT screening corpus
REC-HPVPSCC-000262,Phase 2 study of dostarlimab plus niraparib in stage III-IV recurrent or refractory Penile squamous cell carcinoma.,2025,10.1080/14796694.2025.2577632,https://doi.org/10.1080/14796694.2025.2577632,unavailable,Could not retrieve PDF; excluded from FT screening corpus
REC-HPVPSCC-000264,[Personalized systemic therapy of penile cancer: molecular targets and new therapeutic horizons].,2025,10.1007/s00120-025-02717-z,https://doi.org/10.1007/s00120-025-02717-z,unavailable,Could not retrieve PDF; excluded from FT screening corpus
REC-HPVPSCC-000275,"Efficacy and safety of tislelizumab combined with chemotherapy for locally advanced penile cancer: a prospective, single-arm clinical study.",2026,10.1038/s41416-025-03321-w,https://doi.org/10.1038/s41416-025-03321-w,unavailable,Could not retrieve PDF; excluded from FT screening corpus
REC-HPVPSCC-000280,Efficacy and Safety of Immune Checkpoint Blockade in Locally Advanced or Metastatic Penile Cancer: A Systematic Review and Meta-Analysis.,2026,10.1016/j.clgc.2025.102491,https://doi.org/10.1016/j.clgc.2025.102491,unavailable,Could not retrieve PDF; excluded from FT screening corpus
REC-HPVPSCC-000309,[Testicular Germ Cell Tumors and Penile Cancer: Molecular-Based Diagnosis and Treatment].,2026,10.1055/a-2915-1570,https://doi.org/10.1055/a-2915-1570,unavailable,Could not retrieve PDF; excluded from FT screening corpus
REC-HPVPSCC-000315,Sintilimab-Induced Diabetic Ketoacidosis in A Patient with Radiation and Multichemorefractory Penile Cancer: A Case Report and Literature Review,2022,10.20944/preprints202207.0296.v1,https://doi.org/10.20944/preprints202207.0296.v1,unavailable,Could not retrieve PDF; excluded from FT screening corpus
